file_name,category_id
000c110b.jpg,0
00268327.jpg,5
008fcbc9.jpg,5
00b9c039.jpg,1
00ba2385.jpg,4
00bf6405.jpg,5
00d3e184.jpg,4
00f6771a.jpg,4
00fcea78.jpg,4
011011c3.jpg,4
01242940.jpg,4
0125ee53.jpg,6
0136e092.jpg,0
014d8bbd.jpg,1
016f0d11.jpg,0
017b1a25.jpg,0
0183f117.jpg,5
0188cfe3.jpg,0
01b56869.jpg,0
01b80c4d.jpg,0
01c2565f.jpg,4
01d098cf.jpg,4
020added.jpg,6
020b2b5c.jpg,6
022fcada.jpg,6
024ccab5.jpg,4
0252d541.jpg,5
025330f6.jpg,4
0256bdbe.jpg,0
025b8faf.jpg,6
027bdd73.jpg,0
027c9895.jpg,6
0285520b.jpg,4
028a1a6c.jpg,6
028ba25a.jpg,0
028f9d93.jpg,4
02b1de2d.jpg,0
02b706e8.jpg,1
02cf53ac.jpg,1
02f203f4.jpg,0
02f4d63a.jpg,0
02f87537.jpg,0
02fad137.jpg,0
0309d1b8.jpg,0
03222903.jpg,0
033bc38e.jpg,0
034458a9.jpg,0
03748a47.jpg,4
03802986.jpg,1
03b5e8ec.jpg,5
03c627b9.jpg,1
03dcb5ff.jpg,4
03f5faf4.jpg,5
040a849f.jpg,1
0413c6dc.jpg,0
044ad018.jpg,0
04572b6e.jpg,1
04933f4d.jpg,0
04986a5e.jpg,1
04b6a1ec.jpg,0
04b6f2c8.jpg,0
04cb8bab.jpg,1
04dba1f7.jpg,1
04ef12c7.jpg,5
0518902d.jpg,5
0524a8fb.jpg,4
052d094b.jpg,4
053b5cf6.jpg,4
053dc921.jpg,4
0541f83f.jpg,4
057c735d.jpg,0
05a3a339.jpg,1
05b06ecd.jpg,0
05c3331e.jpg,0
05d26834.jpg,0
06069125.jpg,0
0610abb2.jpg,6
061ac59b.jpg,4
0624c2cc.jpg,4
062a64f5.jpg,6
0650fa5f.jpg,5
06527b33.jpg,5
0674c8f0.jpg,5
068c4e62.jpg,4
069886fe.jpg,4
06cfc4a0.jpg,1
06ebe540.jpg,4
06feef28.jpg,5
070015a1.jpg,0
07039cf3.jpg,1
070b58ac.jpg,1
071ec1f0.jpg,1
0721414e.jpg,5
07264dcb.jpg,1
072a16bb.jpg,4
073945f7.jpg,5
0749514d.jpg,5
074d24f0.jpg,0
07570c13.jpg,0
075b6500.jpg,0
0775a528.jpg,4
07880fb7.jpg,4
07939470.jpg,5
07a76e33.jpg,5
07b39a8f.jpg,4
07b4a426.jpg,5
07b93a9f.jpg,0
07d6c5c5.jpg,0
07e64941.jpg,0
07ee79bc.jpg,6
0805c575.jpg,4
0860cf97.jpg,4
08613c10.jpg,0
08813e3d.jpg,4
089c88df.jpg,0
08b5efab.jpg,5
08c7d354.jpg,1
0902d925.jpg,0
0927bd99.jpg,4
0928bc3b.jpg,4
0939c420.jpg,4
093b942a.jpg,0
094c5277.jpg,6
099c435f.jpg,0
09e92593.jpg,1
0a0a2c5e.jpg,1
0a0e11c5.jpg,5
0a1b7c68.jpg,1
0a1b87af.jpg,0
0a27a61e.jpg,4
0a98fdc7.jpg,0
0aa59d48.jpg,0
0ab038e0.jpg,0
0ab683d4.jpg,0
0ac1b166.jpg,0
0ad328b1.jpg,4
0b13cf28.jpg,4
0b152cd9.jpg,0
0b50a712.jpg,4
0bc74905.jpg,5
0bfbde20.jpg,5
0c2a574c.jpg,0
0c2d34b6.jpg,0
0c6b843f.jpg,5
0c8ae972.jpg,4
0c8b4888.jpg,4
0ca52220.jpg,4
0d03a162.jpg,4
0d14d9c8.jpg,4
0d172f7b.jpg,0
0d297afc.jpg,4
0d493b26.jpg,1
0d5fd695.jpg,0
0d9b7891.jpg,0
0dbc24e0.jpg,5
0de6c55c.jpg,5
0e05d70e.jpg,0
0e43bcd6.jpg,4
0e57556f.jpg,0
0e6b7790.jpg,0
0e746633.jpg,1
0e876e9e.jpg,1
0eb1daca.jpg,1
0eb27e60.jpg,4
0ebc4364.jpg,1
0ed9e694.jpg,1
0ede6160.jpg,0
0edfec51.jpg,0
0ee4d6bd.jpg,0
0eefb870.jpg,5
0f163191.jpg,5
0f1bcfc7.jpg,5
0f1c8dab.jpg,4
0f67df3b.jpg,0
0f8a258c.jpg,4
0f9d3e9a.jpg,1
0faae7af.jpg,4
0fcd79ab.jpg,0
0ff012eb.jpg,4
10082adf.jpg,4
1072cbd5.jpg,1
10973ec9.jpg,4
10b5466a.jpg,4
10c94100.jpg,6
10cbd88e.jpg,6
10e2794f.jpg,4
10f196c5.jpg,6
10f583f8.jpg,4
112bb3ba.jpg,5
118428ba.jpg,0
11965ec2.jpg,5
119b3a0f.jpg,0
11b306b1.jpg,0
11be29dc.jpg,6
11cfcb41.jpg,1
11df87ec.jpg,5
11e2ba2d.jpg,5
11e2ca15.jpg,1
1223a934.jpg,0
122f7061.jpg,0
1248bb64.jpg,0
1257afce.jpg,5
1269b240.jpg,5
126d8324.jpg,4
129c6c74.jpg,4
12ab6642.jpg,5
12b48ab4.jpg,4
12b7cff0.jpg,5
12d79bac.jpg,0
12dece9d.jpg,6
12e51402.jpg,0
12ed5fa8.jpg,1
130cae7e.jpg,6
1327266a.jpg,4
132bda23.jpg,4
135568e5.jpg,0
136efb21.jpg,0
1371c658.jpg,5
139e4657.jpg,0
13de0738.jpg,0
13eebeb8.jpg,0
13f3c58d.jpg,5
13f98e46.jpg,6
14067fb6.jpg,5
140d95db.jpg,4
140f147c.jpg,5
1431c4f5.jpg,1
14450634.jpg,0
145e5119.jpg,6
146aaa9a.jpg,1
147e53f2.jpg,1
148112b1.jpg,0
1495285f.jpg,0
14a09261.jpg,5
14a42070.jpg,4
14aa27ac.jpg,6
14af0cd5.jpg,4
14b364f7.jpg,1
14b59e81.jpg,4
1531bf9f.jpg,0
15337399.jpg,1
153b199e.jpg,0
154737b6.jpg,0
154d3642.jpg,0
155dfa5b.jpg,6
1561390e.jpg,5
15b09b12.jpg,1
15b3ad28.jpg,6
15b68cb4.jpg,0
15b695a0.jpg,4
15c03874.jpg,6
15e0493d.jpg,1
15e65511.jpg,5
16241c0e.jpg,0
162feabf.jpg,4
1643ff19.jpg,1
1657578d.jpg,1
1695b6e4.jpg,5
16ae2bf6.jpg,4
16d78aae.jpg,4
172259b6.jpg,0
172354c0.jpg,1
173187f1.jpg,0
175e031c.jpg,1
177bcbd8.jpg,0
17e8d54f.jpg,1
180018e6.jpg,5
180afc71.jpg,0
18518403.jpg,4
1854b7c9.jpg,4
186de44f.jpg,4
18b065d2.jpg,5
18da9b25.jpg,5
18f7dce8.jpg,0
18fd212b.jpg,1
190b6b0d.jpg,6
190f3c15.jpg,0
19220128.jpg,5
19323c27.jpg,0
194fdc02.jpg,6
195d0b20.jpg,5
19c98387.jpg,0
19f7e46c.jpg,0
1a391445.jpg,5
1a499700.jpg,1
1a6e47f2.jpg,5
1a73c387.jpg,0
1a7dca99.jpg,5
1a816674.jpg,4
1a8b2519.jpg,0
1aa8cbce.jpg,4
1ab7e070.jpg,0
1ae5869f.jpg,5
1b06c112.jpg,0
1b1b84d9.jpg,1
1b7a78e3.jpg,0
1b7d942e.jpg,1
1b920da6.jpg,0
1ba77c65.jpg,0
1bbeb286.jpg,0
1bdf66c0.jpg,0
1beb5c17.jpg,1
1bf00d08.jpg,5
1c030401.jpg,0
1c30870c.jpg,5
1c3dfc07.jpg,0
1c4772d5.jpg,5
1c5322d0.jpg,5
1c5eb147.jpg,4
1c7dec0b.jpg,0
1c8341d6.jpg,0
1cb422eb.jpg,0
1cbabc91.jpg,4
1ce897e0.jpg,5
1ceeb314.jpg,1
1cf7f229.jpg,1
1cfe59f9.jpg,4
1d05815b.jpg,1
1d24b095.jpg,1
1d2d328e.jpg,1
1d740d28.jpg,4
1d82656c.jpg,4
1d9bc240.jpg,4
1de2ab57.jpg,1
1df6f6fa.jpg,0
1dfbca47.jpg,4
1e00dc19.jpg,0
1e210aed.jpg,0
1e262384.jpg,4
1e7f0d8a.jpg,0
1e8240ac.jpg,0
1e964f2f.jpg,0
1ec456c4.jpg,0
1eec968b.jpg,0
1ef2c29c.jpg,4
1ef52fb0.jpg,4
1efc17c7.jpg,0
1f018b36.jpg,4
1f0b5820.jpg,5
1f2c3e10.jpg,0
1f5ed554.jpg,4
1f9d1d09.jpg,5
1faab4f1.jpg,5
1fb9a406.jpg,4
1fbd1fb6.jpg,1
1fd95f9a.jpg,0
1fe5768c.jpg,0
1ffeba12.jpg,1
200d7ef1.jpg,4
203fb4ee.jpg,0
20405d97.jpg,5
20562d9d.jpg,1
2057c160.jpg,1
20656232.jpg,0
209d5c74.jpg,4
20ae955e.jpg,4
20d0d5c7.jpg,0
20ede8b7.jpg,1
2103179a.jpg,4
2123b090.jpg,1
212fe9a8.jpg,6
213f18df.jpg,0
21463e7b.jpg,1
2158b2f2.jpg,1
215c8c8f.jpg,5
21749f96.jpg,1
21af6e92.jpg,4
21b2b489.jpg,4
21c05643.jpg,4
21ce9065.jpg,5
21ece3bd.jpg,1
21f3a886.jpg,6
21fc0835.jpg,1
21fc214d.jpg,1
222906b6.jpg,1
225a3e3a.jpg,5
225fd66d.jpg,0
2270a955.jpg,1
22742ec6.jpg,4
2278d8db.jpg,0
227f625c.jpg,0
22829029.jpg,1
228eba2f.jpg,1
229b3d22.jpg,1
22f055dd.jpg,1
2321d5cf.jpg,4
23221a69.jpg,0
233fd7f2.jpg,6
234a04f6.jpg,0
234a9146.jpg,6
23605558.jpg,4
2361e289.jpg,1
23754976.jpg,0
23760508.jpg,0
239963c4.jpg,0
23a72672.jpg,5
23b950a5.jpg,5
2408aa90.jpg,0
24165556.jpg,1
2418447e.jpg,0
2426dd8d.jpg,1
24389ce7.jpg,4
24404e6a.jpg,4
24503a20.jpg,0
24916c87.jpg,4
24a469a3.jpg,1
24b9f5c2.jpg,0
24c72dc2.jpg,0
24cb5c90.jpg,1
24e87e0d.jpg,5
24e89715.jpg,6
24eda71b.jpg,0
24f3e898.jpg,4
24f70cef.jpg,4
24f84b1b.jpg,0
24fbec5f.jpg,4
255ac97d.jpg,5
25a30e15.jpg,4
25a3ba5d.jpg,4
25a3f5fb.jpg,0
25bb5975.jpg,0
25ea0c85.jpg,0
2603d12c.jpg,4
2606b8e4.jpg,4
260adc6e.jpg,1
26161dfe.jpg,5
261edea8.jpg,5
2621ebd2.jpg,5
26285378.jpg,1
262ced92.jpg,6
2635277c.jpg,5
263d39bb.jpg,4
265af55e.jpg,1
266c0805.jpg,4
266f1145.jpg,6
267ee396.jpg,0
26a2ed1a.jpg,0
26be020f.jpg,5
26ca729c.jpg,5
2713d7c5.jpg,0
272acdef.jpg,0
273fef47.jpg,6
275fb64f.jpg,5
2764f3b0.jpg,0
2774258a.jpg,0
2777a9d2.jpg,5
27b2f214.jpg,0
27db28a5.jpg,6
27f71973.jpg,4
2811901b.jpg,0
28136872.jpg,4
282016ea.jpg,1
2822263f.jpg,4
2836955b.jpg,4
286fcb4f.jpg,6
287be770.jpg,5
28893dbe.jpg,1
288b3844.jpg,0
28b8ab62.jpg,6
28bd6eaf.jpg,0
28d027aa.jpg,0
28d2f9b4.jpg,4
290ca438.jpg,6
292d499b.jpg,0
293059e0.jpg,0
295ca26d.jpg,6
29616ab8.jpg,4
29745537.jpg,0
29767fb9.jpg,1
29c36875.jpg,6
29c5304c.jpg,4
29dc0018.jpg,0
29de264a.jpg,5
2a41bac4.jpg,5
2a603733.jpg,5
2a6fdee5.jpg,0
2a7882b2.jpg,4
2a85ac64.jpg,5
2a8940df.jpg,0
2acc25fe.jpg,1
2b279bae.jpg,5
2b3c7bd8.jpg,4
2b42d221.jpg,4
2b8b2f92.jpg,0
2bbcc2ce.jpg,5
2bc40bc3.jpg,1
2bceed38.jpg,4
2bd39a8a.jpg,4
2bed0c51.jpg,0
2bf3fd65.jpg,4
2c06823a.jpg,0
2c077174.jpg,1
2c2f83bd.jpg,0
2c3f90d4.jpg,5
2c9b266d.jpg,1
2cb14068.jpg,4
2ce86990.jpg,5
2d0757d2.jpg,0
2d67172c.jpg,5
2d6a5b44.jpg,0
2d87cd98.jpg,0
2d99a278.jpg,1
2d9f2a94.jpg,5
2dcaea4e.jpg,4
2dfa2db0.jpg,4
2dfca7fd.jpg,0
2e0913f2.jpg,4
2e55cf11.jpg,4
2e99ef97.jpg,5
2ea38608.jpg,1
2ea4376e.jpg,0
2eaf03ee.jpg,5
2eb0021f.jpg,5
2eb2e3f6.jpg,0
2ec0f00f.jpg,4
2ec7fcd4.jpg,0
2ec9befa.jpg,0
2efb7fbb.jpg,1
2f00b501.jpg,5
2f01a10e.jpg,4
2f129cbc.jpg,5
2f28fa76.jpg,4
2f59094e.jpg,4
2f6cb7ab.jpg,4
2f7b2ec4.jpg,0
2f95c25f.jpg,0
2f9609d9.jpg,0
2f9af131.jpg,4
2fbaf027.jpg,0
2fe21b34.jpg,1
30048a69.jpg,1
300bd383.jpg,6
301873e7.jpg,4
3022ba67.jpg,4
302eb080.jpg,0
305888b2.jpg,0
307d3bd0.jpg,0
307f1686.jpg,4
3098b16d.jpg,0
30a5ff2e.jpg,6
30ab82f6.jpg,4
30b3c02d.jpg,1
30b5b1f9.jpg,4
30e1251c.jpg,0
3141f0f5.jpg,0
314deed1.jpg,6
31667e37.jpg,4
31708543.jpg,0
3170a886.jpg,4
3178aaad.jpg,1
31909f62.jpg,0
31b8be69.jpg,4
31bc684c.jpg,1
31db0209.jpg,0
31e4a156.jpg,0
31e73814.jpg,4
31f3d638.jpg,5
325486e7.jpg,0
325510f4.jpg,1
3262ce50.jpg,5
326b8876.jpg,0
32898689.jpg,5
328f52a5.jpg,0
32a04614.jpg,6
32a99e2f.jpg,1
32e9f7f6.jpg,0
32f22fa0.jpg,6
32f65a0e.jpg,4
3304394e.jpg,1
330a8aa3.jpg,6
331051ff.jpg,0
332443cd.jpg,0
332f0550.jpg,0
333fdb14.jpg,0
334439fb.jpg,0
33566500.jpg,0
33781528.jpg,5
337e1520.jpg,0
3396179f.jpg,5
33993c03.jpg,1
33a07227.jpg,0
33c4e17a.jpg,0
33c925cc.jpg,1
33e1dcd7.jpg,5
33e2cbe2.jpg,2
33f7d7f7.jpg,1
33fb0b95.jpg,4
340fb2ca.jpg,5
3440d387.jpg,0
34480f96.jpg,4
34505943.jpg,4
3461a82a.jpg,0
348012bb.jpg,0
348c776d.jpg,0
348e647d.jpg,0
34994fa8.jpg,4
34b3b3e1.jpg,4
34c6ae84.jpg,4
34cfd890.jpg,4
34e57c73.jpg,6
34f50b14.jpg,0
35179c31.jpg,5
3526d29a.jpg,4
3551a69c.jpg,5
35c45b62.jpg,1
35ce5e39.jpg,5
35d33695.jpg,1
35fa873b.jpg,6
3602c4a6.jpg,5
360667d7.jpg,4
36191244.jpg,5
362a632c.jpg,0
363066fd.jpg,0
36344d8b.jpg,0
3637afd4.jpg,0
36506387.jpg,0
366853ac.jpg,4
36b37830.jpg,4
36b5e65f.jpg,1
36b7e260.jpg,1
36b84c93.jpg,4
36bcdbc7.jpg,5
36e64ca0.jpg,6
36f33fb1.jpg,4
3716f1c1.jpg,4
372ebc83.jpg,4
37352df6.jpg,1
375e24c8.jpg,6
378900ef.jpg,4
378a2eed.jpg,4
378a6a05.jpg,1
378c2c81.jpg,0
37a65ded.jpg,5
37b4c3b0.jpg,1
37ce5aae.jpg,0
37d8abfc.jpg,0
381dba88.jpg,6
382188e9.jpg,0
382eafde.jpg,0
38357647.jpg,5
383687a1.jpg,3
38423f20.jpg,1
3866ae4e.jpg,0
387bb269.jpg,6
389d1a22.jpg,0
390cfca9.jpg,0
394c9484.jpg,5
394cca7b.jpg,1
3989300f.jpg,5
398b0f55.jpg,0
398ed99f.jpg,5
398f92ab.jpg,4
3998f51c.jpg,0
399da8c0.jpg,5
399ed28a.jpg,4
39a2dce6.jpg,1
39b89869.jpg,6
39c1759e.jpg,6
39feb797.jpg,4
3a42c1e8.jpg,0
3a4e1f14.jpg,0
3a4e3f45.jpg,4
3a554207.jpg,1
3a6ca2d3.jpg,0
3a7b0c5d.jpg,5
3a939dda.jpg,1
3ac90c6c.jpg,0
3af5716f.jpg,4
3b196482.jpg,1
3b4c2bec.jpg,0
3b753454.jpg,4
3b797ba0.jpg,5
3b9e20d3.jpg,5
3ba5ed58.jpg,5
3bb73472.jpg,1
3bd1b676.jpg,5
3c017d82.jpg,0
3c076a1d.jpg,4
3c291e44.jpg,4
3c764bba.jpg,0
3c94ca2c.jpg,5
3cc4fccf.jpg,0
3cd38331.jpg,5
3cd3f81f.jpg,1
3ce5bd64.jpg,1
3ce8e939.jpg,0
3cf1ad64.jpg,0
3d1f7b84.jpg,5
3d30faf7.jpg,1
3d370900.jpg,5
3d5102c1.jpg,4
3d7ca2d8.jpg,1
3d835e38.jpg,0
3dde7bec.jpg,4
3de02a72.jpg,1
3e920468.jpg,1
3ea6323e.jpg,0
3edcf66f.jpg,1
3edecdfd.jpg,0
3ee9fde8.jpg,1
3f13de64.jpg,1
3f31f7b6.jpg,0
3f48a16d.jpg,5
3f75922f.jpg,4
3f766a8a.jpg,0
3f7772a7.jpg,4
3fb5f639.jpg,0
3fcad81c.jpg,0
3fdc440e.jpg,4
3fe8cf7c.jpg,4
404adf2a.jpg,5
404d5bc1.jpg,0
40927da6.jpg,1
40a5669f.jpg,4
40b04978.jpg,4
40d59dbf.jpg,1
40e291da.jpg,4
40ee3dc3.jpg,6
4113170e.jpg,4
4129c46c.jpg,4
413ecc68.jpg,0
414addf6.jpg,6
414b402e.jpg,4
41553134.jpg,4
41656696.jpg,4
418b3f4b.jpg,0
4190ee80.jpg,5
419be593.jpg,0
419cf91a.jpg,0
41c72d6a.jpg,0
41cc2349.jpg,1
41d835bc.jpg,0
41e6cfb1.jpg,0
42045d4a.jpg,1
4217a0c5.jpg,4
422fa4b0.jpg,6
426041f4.jpg,4
4266369e.jpg,0
426a889a.jpg,6
427b4a9b.jpg,0
428879f4.jpg,4
42ad2e79.jpg,6
42b3efdf.jpg,4
42be6422.jpg,0
42da8edf.jpg,0
42ee0602.jpg,5
42f90b30.jpg,6
430197a5.jpg,5
430d8a0a.jpg,0
4314745f.jpg,4
431bbc7f.jpg,6
433be662.jpg,6
435b186b.jpg,0
4369da49.jpg,1
437f20bd.jpg,5
438ac0ed.jpg,4
438ce378.jpg,4
43b20981.jpg,1
43bebd28.jpg,4
44107a0e.jpg,5
441a8340.jpg,6
441b3bb4.jpg,0
4421455e.jpg,0
4432048f.jpg,0
447db7cd.jpg,0
44b2f6b7.jpg,5
44da86f4.jpg,6
44dbe8b6.jpg,4
44eb9079.jpg,0
45082b8a.jpg,5
45276a5e.jpg,0
455dc67c.jpg,0
45649150.jpg,0
456af658.jpg,1
457e68f7.jpg,0
45863761.jpg,5
459b4d37.jpg,0
45a602a8.jpg,1
45b8e3ee.jpg,6
45beccb4.jpg,5
45f15f65.jpg,6
45f9b087.jpg,4
461dc75b.jpg,4
466fc001.jpg,6
46765825.jpg,1
4688f252.jpg,5
468de090.jpg,6
46beb4c4.jpg,6
46d97bd5.jpg,4
46da846c.jpg,4
471d2825.jpg,4
47230480.jpg,1
476a9c86.jpg,4
476eed2a.jpg,4
47756d99.jpg,1
4779b8d9.jpg,5
4782d4dc.jpg,1
47aa19ee.jpg,6
47d635dd.jpg,1
47eea9ed.jpg,0
47f7486b.jpg,0
47f7d679.jpg,6
47fdb7b2.jpg,1
4827347e.jpg,0
48274bf8.jpg,0
48319cc8.jpg,0
4847c953.jpg,0
4861f074.jpg,5
48645cf0.jpg,4
4865f641.jpg,0
4867ceba.jpg,1
486a47d4.jpg,6
487372b7.jpg,0
487b342a.jpg,5
488dc9c5.jpg,6
489bd470.jpg,0
48a0186b.jpg,4
48a97fc6.jpg,6
48b2ab4a.jpg,6
48d3a6e1.jpg,0
48e69cd1.jpg,4
48ee8433.jpg,6
48f9b839.jpg,6
48fde974.jpg,0
4909f02a.jpg,5
490b1592.jpg,1
490dc161.jpg,5
491494e7.jpg,0
491e58d2.jpg,0
49210ebb.jpg,0
493168f6.jpg,1
4961ca98.jpg,0
49d4bd80.jpg,4
49df3371.jpg,1
49ef4d43.jpg,4
49f1fd78.jpg,4
49f64a88.jpg,1
4a4c2793.jpg,4
4a58cb9a.jpg,5
4a6265a3.jpg,0
4a8538f0.jpg,5
4a9f0c0c.jpg,1
4aa1f6fc.jpg,4
4aaba60d.jpg,5
4ae106c5.jpg,4
4b3d94e6.jpg,4
4b40ef58.jpg,4
4b476805.jpg,0
4b852576.jpg,5
4b887549.jpg,1
4b8d88f6.jpg,0
4b934fc2.jpg,1
4b957ae9.jpg,1
4bd8b3cd.jpg,1
4be25b90.jpg,0
4bf4ff7a.jpg,1
4bff3ea9.jpg,0
4c0ab761.jpg,0
4c199256.jpg,0
4c2e94ed.jpg,0
4c527ce9.jpg,1
4c585e16.jpg,0
4c7f6bcd.jpg,0
4cb3d5c4.jpg,0
4ce3180f.jpg,4
4cf22448.jpg,4
4cfe9a70.jpg,5
4d0ee915.jpg,6
4d175b5a.jpg,0
4d319ed1.jpg,0
4d48d193.jpg,5
4d7a9a18.jpg,0
4d8a1254.jpg,4
4d8d66a5.jpg,5
4d9056e3.jpg,0
4dc0b00e.jpg,6
4e17295a.jpg,0
4e200139.jpg,1
4e2803ca.jpg,1
4e3c6562.jpg,4
4e71923e.jpg,0
4e76e2bb.jpg,4
4eb2ff79.jpg,1
4ed49a9f.jpg,4
4ef36baf.jpg,5
4ef73f78.jpg,4
4ef7540f.jpg,0
4f232361.jpg,1
4f37cf28.jpg,1
4f512835.jpg,4
4f595571.jpg,0
4f6c76c0.jpg,4
4f712792.jpg,0
4f8a189f.jpg,0
4f8c6a59.jpg,0
4f8d884c.jpg,4
4f8e5968.jpg,5
4f9596b9.jpg,1
4fb1c8ef.jpg,0
4fc289e0.jpg,0
4fd442c2.jpg,4
5060f16c.jpg,0
5078b37e.jpg,5
5079628d.jpg,0
508e6279.jpg,4
50952555.jpg,4
509d541c.jpg,4
50a7b7a5.jpg,4
50b4efea.jpg,1
50b5b6df.jpg,6
50f56a98.jpg,0
5138613d.jpg,4
51459b0e.jpg,0
51547978.jpg,1
5163db17.jpg,4
518c9e37.jpg,5
519a5798.jpg,4
519c71aa.jpg,0
51a9e102.jpg,5
51beb7cb.jpg,0
51c6468c.jpg,4
51e17f10.jpg,6
51e5ad99.jpg,4
51efb30f.jpg,0
51f1086d.jpg,0
52086207.jpg,1
5225c466.jpg,5
5231aa24.jpg,5
523295a1.jpg,4
52393f90.jpg,5
52760eb9.jpg,0
5282cf54.jpg,4
52ae87bd.jpg,0
52d6f965.jpg,5
52f471d4.jpg,4
5300a8c7.jpg,4
5328d451.jpg,0
533004e0.jpg,1
5344e71b.jpg,0
537dc0f3.jpg,4
538e613c.jpg,0
53972919.jpg,0
53a909c5.jpg,4
53bb549e.jpg,6
53bf678f.jpg,4
53d83b7a.jpg,4
53dc3fc9.jpg,4
53ecc05c.jpg,5
53f8a6f6.jpg,0
53f9d6d9.jpg,4
53fb9c40.jpg,4
53fbe7a5.jpg,4
53fe8cda.jpg,6
54171911.jpg,0
542467f2.jpg,4
542cf079.jpg,0
543ea485.jpg,6
547533e5.jpg,4
547c72eb.jpg,1
54b7e68c.jpg,4
54d9a3a9.jpg,4
54e41fd1.jpg,4
54ff2fe3.jpg,4
5502ef99.jpg,4
555812ab.jpg,4
5582a301.jpg,1
55a0083a.jpg,6
55c3e00f.jpg,4
55fd494c.jpg,6
56240b2d.jpg,4
562b64e5.jpg,6
567372da.jpg,5
568c5531.jpg,0
56b2ae73.jpg,0
56b79157.jpg,0
56bf4001.jpg,0
56cae6f1.jpg,1
56d58426.jpg,5
56dc7a90.jpg,0
56f2e458.jpg,6
5711b524.jpg,0
57485970.jpg,3
575f14c2.jpg,0
576c70ef.jpg,1
576d230b.jpg,1
57813018.jpg,4
57841f42.jpg,4
579128d0.jpg,4
57ae76d0.jpg,4
57cfe0db.jpg,0
57d24e3f.jpg,6
57da1077.jpg,0
57f7401c.jpg,1
57fd89c8.jpg,4
5805d8d6.jpg,4
5846d060.jpg,4
584d7940.jpg,4
58522f48.jpg,0
58728623.jpg,5
5885264a.jpg,0
5888ea8d.jpg,0
58a9c2b1.jpg,0
58b940bd.jpg,4
58c2592b.jpg,1
591cc36f.jpg,6
5929667a.jpg,1
594cc568.jpg,4
595d6c25.jpg,0
596143f3.jpg,0
596ff9e1.jpg,2
5971f0e7.jpg,0
5986a2ee.jpg,5
59a901a8.jpg,4
59b444cb.jpg,5
59b4d420.jpg,0
59ce2beb.jpg,1
59d397dc.jpg,5
59d3cdaf.jpg,1
59de9a24.jpg,5
5a07c7e2.jpg,0
5a10b699.jpg,0
5a63c60e.jpg,4
5a6ae945.jpg,5
5a723684.jpg,4
5a9766d9.jpg,5
5a9a8b4d.jpg,5
5b0cc2e1.jpg,1
5b2b0776.jpg,5
5b3cfe94.jpg,4
5b3e987b.jpg,4
5b40f8f9.jpg,0
5b4336f5.jpg,4
5b5126b3.jpg,1
5b687c70.jpg,4
5b689c43.jpg,5
5ba09814.jpg,4
5bf36f05.jpg,1
5c0c8bc8.jpg,5
5c204eed.jpg,5
5c4f12d2.jpg,4
5c5a1d07.jpg,0
5c60b429.jpg,1
5c90b5ed.jpg,4
5cacf34c.jpg,4
5cbee419.jpg,0
5cc63858.jpg,0
5ce9d7e4.jpg,4
5d0075f4.jpg,0
5d24d27a.jpg,4
5d27c964.jpg,4
5d3c8804.jpg,1
5d3edb07.jpg,4
5d634a1d.jpg,4
5dd7ed93.jpg,5
5e01e2c0.jpg,0
5e01e756.jpg,0
5e0fa3f3.jpg,5
5e10455e.jpg,0
5e29ed24.jpg,4
5e814fb0.jpg,0
5ec04215.jpg,0
5ec3dd5c.jpg,0
5eec48e3.jpg,0
5f1766b7.jpg,4
5f80d8e4.jpg,0
5f84a2a6.jpg,5
5fbace82.jpg,4
5fc1751c.jpg,5
5fcb11e3.jpg,1
5fcd2514.jpg,0
5fe9d325.jpg,0
601b920c.jpg,6
601d37db.jpg,6
601e02e0.jpg,0
60270e69.jpg,4
603beaa1.jpg,6
6052f64b.jpg,1
6055c8b2.jpg,5
6057424f.jpg,0
605ec9f8.jpg,0
60644348.jpg,1
6067352a.jpg,0
607eb4ec.jpg,6
608e4d69.jpg,6
6095d4e4.jpg,4
60ddc147.jpg,4
60f4c05a.jpg,4
612ba30d.jpg,6
6137828d.jpg,4
618edc8f.jpg,0
61c56e33.jpg,0
61e3a96b.jpg,0
61e77a4f.jpg,6
61f99c71.jpg,0
620a18ce.jpg,0
62103533.jpg,0
6234bb67.jpg,0
623d22c8.jpg,4
6242c296.jpg,0
62447dbf.jpg,4
624fa244.jpg,0
6258f810.jpg,4
627a755f.jpg,0
6294568a.jpg,0
629a99ad.jpg,4
62ac8134.jpg,0
62b0a709.jpg,0
631320bf.jpg,4
631ddfb0.jpg,6
6335e895.jpg,1
633a2360.jpg,5
6341d1e7.jpg,0
6350b188.jpg,1
6356b9fc.jpg,1
6362da2e.jpg,4
6365d233.jpg,1
638a74e5.jpg,4
63a919d0.jpg,4
63b22f1a.jpg,1
63b70320.jpg,0
63c037d1.jpg,1
63c5a9da.jpg,0
63fa3610.jpg,1
64001939.jpg,5
64031d22.jpg,5
640732c3.jpg,4
6408cacd.jpg,0
640c5cc0.jpg,0
640fc19f.jpg,2
643b0db3.jpg,0
64452ea3.jpg,4
645a9f52.jpg,0
646d734d.jpg,6
6474677a.jpg,1
64754d7e.jpg,1
64867b8a.jpg,0
648dafb8.jpg,1
649c268c.jpg,0
64b722ba.jpg,0
64d549d0.jpg,1
64f960ef.jpg,5
64fc8370.jpg,5
652fb832.jpg,4
653ea3c9.jpg,5
6562e3e9.jpg,0
65c14be2.jpg,6
65c9b775.jpg,0
65f395d0.jpg,4
65fc5db8.jpg,5
662a7cf6.jpg,1
662f3cd3.jpg,4
66ab7e3d.jpg,4
66da0870.jpg,0
66ebb9a4.jpg,0
66ee2eb0.jpg,5
66f04a79.jpg,0
67092a25.jpg,1
674cdd75.jpg,1
675a41af.jpg,6
677e4167.jpg,0
67861ef7.jpg,1
67862024.jpg,0
67ab308b.jpg,4
67b9ba28.jpg,1
67c6ccdd.jpg,4
67dd0c54.jpg,5
67e5610f.jpg,0
67ff4848.jpg,1
6802818f.jpg,0
6802cff6.jpg,1
68077833.jpg,0
6811eb24.jpg,4
681236af.jpg,0
681ae7c6.jpg,0
68227172.jpg,5
684ddb44.jpg,2
6850f58c.jpg,0
685c11e8.jpg,5
68770562.jpg,2
689ce35a.jpg,6
68a07c51.jpg,1
68b87270.jpg,5
68eb5d09.jpg,6
68f10326.jpg,1
68fe0aa5.jpg,5
69180f97.jpg,4
691ad277.jpg,1
691eb196.jpg,5
692e9969.jpg,5
696668dd.jpg,4
6978b831.jpg,0
698c757e.jpg,0
698e66dc.jpg,6
69922560.jpg,0
69b0ddd2.jpg,6
69c520ed.jpg,6
69d9bae6.jpg,4
69ddad12.jpg,1
69df90eb.jpg,4
69fb5708.jpg,0
6a2d9802.jpg,0
6a351123.jpg,5
6a38bcf0.jpg,0
6a761824.jpg,1
6a9c9b9d.jpg,5
6aa745e7.jpg,0
6ab26d3e.jpg,1
6ac56de4.jpg,5
6addd97b.jpg,0
6af0fdcb.jpg,1
6b2f9a0d.jpg,0
6b450087.jpg,5
6b47727d.jpg,0
6b583553.jpg,4
6b69a06d.jpg,4
6b8e9c36.jpg,0
6b9bf3c0.jpg,0
6bbd962e.jpg,0
6bbfa07a.jpg,4
6be7bf16.jpg,0
6c0a8693.jpg,1
6c51b5a3.jpg,4
6c868b9b.jpg,1
6cb8769f.jpg,1
6cc62a48.jpg,0
6d019939.jpg,0
6d2846e9.jpg,0
6d375900.jpg,5
6d54bf50.jpg,4
6d5d53ca.jpg,1
6d804a9e.jpg,0
6d9a3d10.jpg,4
6dac159d.jpg,4
6dcc33e5.jpg,4
6dd32e26.jpg,4
6de68698.jpg,0
6dfd4728.jpg,4
6e112ba1.jpg,0
6e22f0a4.jpg,4
6e244d5e.jpg,1
6e2d81b0.jpg,4
6e3aa543.jpg,1
6e3bcad8.jpg,4
6e3cef6a.jpg,0
6e67d950.jpg,4
6e9663f8.jpg,0
6e9d70a3.jpg,1
6ecd118e.jpg,1
6ed3dca4.jpg,5
6eff293a.jpg,4
6f8542d6.jpg,0
6fa7db65.jpg,1
6fc0ed07.jpg,0
6fd0a7ac.jpg,1
6fd0f871.jpg,5
6fd64b30.jpg,0
6fdb764e.jpg,4
6fdc0832.jpg,0
6fec8550.jpg,4
6fef2e67.jpg,0
6ff1c421.jpg,4
6ffcbeb8.jpg,4
700637b7.jpg,0
70354322.jpg,5
70354d7e.jpg,0
703c735a.jpg,2
704cb162.jpg,1
704fb183.jpg,4
70546c59.jpg,5
707baa68.jpg,4
7083229b.jpg,0
709fb9c9.jpg,5
70a217f8.jpg,4
70a724e7.jpg,6
70c7f6d3.jpg,4
70e74135.jpg,4
70efbf1a.jpg,5
70fbc7e3.jpg,6
70fe44d0.jpg,0
71048527.jpg,4
710aed1a.jpg,5
7130aaca.jpg,4
714df7cc.jpg,4
716e3e46.jpg,0
71705e48.jpg,0
7189c385.jpg,4
71ab8220.jpg,0
71c80251.jpg,4
71c85cbf.jpg,4
71eaec77.jpg,5
7201d3f3.jpg,4
721dd268.jpg,6
7235ee9d.jpg,0
7235f23d.jpg,4
723b63ad.jpg,4
7254837b.jpg,4
725c1b67.jpg,4
7281caa9.jpg,0
728d47a2.jpg,0
72a93367.jpg,5
72b81d49.jpg,4
72d0dd3f.jpg,0
72e49e6f.jpg,0
72eca93e.jpg,6
731b9b7a.jpg,6
7331d4f3.jpg,4
7342f6e8.jpg,5
73804737.jpg,5
738bc597.jpg,0
73942219.jpg,4
73a72048.jpg,5
73af6b09.jpg,6
73afb99a.jpg,0
73be180c.jpg,0
73c677f6.jpg,1
73d34137.jpg,0
73d99fb7.jpg,0
73f9789a.jpg,1
7431e9d4.jpg,0
744b2400.jpg,6
746529b5.jpg,1
74774390.jpg,0
749fe420.jpg,4
74b300cf.jpg,6
74c2ae6b.jpg,0
74db4df3.jpg,0
74e395a0.jpg,6
74e4d29e.jpg,6
74e5ecf5.jpg,6
74f202e5.jpg,0
74f9c95f.jpg,4
7505af45.jpg,0
752a180c.jpg,4
752a969d.jpg,6
7546eb07.jpg,0
756baf58.jpg,4
75807a89.jpg,0
75859ae1.jpg,5
75a7ef3b.jpg,0
75e7864a.jpg,4
762cee3d.jpg,5
7631e3df.jpg,0
765cfa62.jpg,5
767e28cb.jpg,4
767f013f.jpg,1
76ae9e09.jpg,6
76b4da40.jpg,0
76ba1bad.jpg,1
76fa3254.jpg,0
770861a7.jpg,5
775026b9.jpg,4
778c92e2.jpg,4
77b424ee.jpg,5
77bd5d0a.jpg,0
77cc9030.jpg,0
77d2712d.jpg,4
77e3275e.jpg,4
77e8282a.jpg,0
7820de13.jpg,4
785a771f.jpg,4
7873e37b.jpg,5
78847c43.jpg,5
78c28918.jpg,5
78cf83a2.jpg,6
78d06cdc.jpg,1
78d09174.jpg,4
78ec2ec9.jpg,5
78fa59e4.jpg,5
7908c65b.jpg,4
790a2612.jpg,1
791d8f73.jpg,0
79240e9d.jpg,0
793050ed.jpg,0
7984fa52.jpg,4
798993c6.jpg,1
798a775c.jpg,5
7991d7ce.jpg,4
79ab7ccf.jpg,0
79bc06a7.jpg,0
79d437c3.jpg,0
79ddb7cc.jpg,0
79ec4eed.jpg,0
79f6e73c.jpg,5
7a42a651.jpg,4
7a58200b.jpg,1
7a58894e.jpg,5
7a81a165.jpg,5
7aa32510.jpg,0
7ac76643.jpg,4
7aceb222.jpg,0
7b35406f.jpg,0
7b3810f6.jpg,0
7b48ec48.jpg,6
7b6d28d0.jpg,5
7b836d40.jpg,1
7bb25218.jpg,0
7bea6802.jpg,4
7beda05d.jpg,6
7c0ac1eb.jpg,5
7c35e972.jpg,0
7c40074b.jpg,0
7c4dab84.jpg,1
7c657d2d.jpg,6
7c7152b2.jpg,4
7c9af1f4.jpg,0
7cabe5f3.jpg,4
7cb0f819.jpg,4
7cb55f51.jpg,4
7cd1d058.jpg,6
7cd75678.jpg,0
7d0ff7e5.jpg,4
7d14f78b.jpg,4
7d260374.jpg,5
7d4684ff.jpg,1
7d47afd4.jpg,5
7d5d5b2c.jpg,0
7d60c8d9.jpg,1
7d89448c.jpg,0
7da642da.jpg,5
7da947bf.jpg,5
7de3a892.jpg,6
7df51734.jpg,0
7e0b692c.jpg,6
7e0bcb55.jpg,5
7e0ebf5b.jpg,4
7e1b59eb.jpg,4
7e1d2462.jpg,4
7e6568f0.jpg,4
7e8d0c88.jpg,0
7ea3c963.jpg,5
7ed19bfe.jpg,6
7ef7d731.jpg,1
7f191892.jpg,0
7f232431.jpg,6
7f4ee330.jpg,6
7f7d7679.jpg,0
7fa05729.jpg,6
7faf02f0.jpg,4
7fb48893.jpg,5
7ff7362c.jpg,6
8047cdca.jpg,4
806da35e.jpg,4
806febe9.jpg,0
807d439d.jpg,4
8084d337.jpg,5
809832fe.jpg,0
80a7c02a.jpg,6
80af36cc.jpg,0
80b510c2.jpg,5
80c89908.jpg,0
80d785e8.jpg,4
80e45a14.jpg,6
80f4e8e4.jpg,1
80fb1cc2.jpg,0
811dff71.jpg,4
812c6800.jpg,0
813bbc10.jpg,4
816c55d7.jpg,4
81935044.jpg,1
81a04d9b.jpg,5
81a05a08.jpg,0
81a3bed1.jpg,6
81b6e219.jpg,4
81edb3b4.jpg,6
81f908fd.jpg,4
81fe10c7.jpg,4
81fe68dc.jpg,6
822b48af.jpg,0
822be634.jpg,4
822cb73a.jpg,0
825b8d76.jpg,5
826ddb1d.jpg,0
8280e77c.jpg,0
82833b1c.jpg,1
82a091c1.jpg,5
82abf910.jpg,0
82b6d1fc.jpg,6
8373c816.jpg,5
838f1ef6.jpg,4
839b7bdd.jpg,0
83a12485.jpg,6
83dc7af1.jpg,1
83f35c83.jpg,0
83f5295c.jpg,6
840304c5.jpg,0
84039b6c.jpg,0
841d2544.jpg,4
845ceabc.jpg,0
845e7368.jpg,4
84a02c7a.jpg,1
84a212c7.jpg,1
84ba82a4.jpg,4
84d182a0.jpg,5
8503901c.jpg,0
854fa7bb.jpg,4
855d0a6a.jpg,0
85691df6.jpg,5
8579d6a1.jpg,5
85a347d4.jpg,5
85a6b281.jpg,0
85d3f21c.jpg,6
85d65cc9.jpg,4
8608a838.jpg,1
862ba8b6.jpg,0
862e5b6a.jpg,4
8640df78.jpg,4
8642cebb.jpg,1
86515a02.jpg,0
867ff9a1.jpg,5
86882882.jpg,5
86911952.jpg,0
86983f82.jpg,0
86a9d1da.jpg,1
86ab05e6.jpg,5
86ac2df6.jpg,6
86bbfe2e.jpg,1
86bc10d3.jpg,0
86d4ec94.jpg,4
870432c4.jpg,0
8732947c.jpg,4
87371b34.jpg,0
875e0b17.jpg,1
876c558c.jpg,5
87a7dfed.jpg,0
87ca2e67.jpg,4
87e67bda.jpg,0
881ed9ff.jpg,0
8840ba68.jpg,5
8844aed8.jpg,5
884a4c9c.jpg,4
88570767.jpg,0
887ff72d.jpg,0
888b42e9.jpg,4
8894b6f9.jpg,0
88a3e348.jpg,0
88b8aaba.jpg,6
891565aa.jpg,1
895110c8.jpg,4
895fba43.jpg,5
897b25d4.jpg,0
899d9290.jpg,0
89a289f4.jpg,0
89ab80cf.jpg,4
89b290e2.jpg,6
89ba8b0c.jpg,0
89bbf799.jpg,5
89d37fe8.jpg,1
89dcb48d.jpg,4
89e522e3.jpg,0
8a0480c0.jpg,4
8a080044.jpg,4
8a1c09f6.jpg,0
8a20e4a8.jpg,6
8a39f933.jpg,6
8a3f0329.jpg,6
8a3fdfdc.jpg,5
8a5a9ce6.jpg,6
8a649df8.jpg,1
8ad7ba95.jpg,0
8add5168.jpg,6
8ae5b4c7.jpg,0
8af0554c.jpg,6
8afe3e0f.jpg,0
8b0721ed.jpg,4
8b0d146f.jpg,1
8b2c2bc0.jpg,0
8b53d0fc.jpg,0
8b7e77f1.jpg,1
8b8ec915.jpg,5
8b9c1959.jpg,4
8bb45023.jpg,1
8bf6bb8e.jpg,0
8c090dd2.jpg,0
8c3159b3.jpg,1
8c3ba030.jpg,0
8c40ae58.jpg,6
8c48f56a.jpg,5
8c4dc27b.jpg,6
8c8898b7.jpg,6
8c8c0845.jpg,6
8c90ef20.jpg,4
8c9b72b8.jpg,6
8cd2b4d2.jpg,0
8cf0c741.jpg,0
8d19f11c.jpg,1
8d6034bf.jpg,4
8d62d319.jpg,4
8d730889.jpg,0
8d813652.jpg,4
8d81bf63.jpg,6
8dbb9b15.jpg,4
8dc05c3c.jpg,0
8ddb3974.jpg,5
8dea6f4e.jpg,4
8dfc6fe5.jpg,0
8e3fa6ab.jpg,0
8e407ea5.jpg,2
8e4d574e.jpg,0
8e4e3b21.jpg,4
8e524d79.jpg,0
8e66119c.jpg,4
8e684931.jpg,5
8e91e8b8.jpg,6
8ebecd46.jpg,0
8ef5eb9d.jpg,4
8f1c2c7a.jpg,1
8f2a4c52.jpg,4
8f338bf8.jpg,5
8f4fda2b.jpg,5
8f67230a.jpg,4
8f6fc593.jpg,6
8f7104bc.jpg,0
8f8f2011.jpg,6
8f9b6f3e.jpg,0
8fa3863b.jpg,1
8fba7a5d.jpg,5
8fbbe80f.jpg,0
8fcfc0ff.jpg,4
90073b1d.jpg,4
900e98e3.jpg,0
902b8a13.jpg,5
903bf343.jpg,5
90683962.jpg,0
9086c5a0.jpg,0
9088c1e3.jpg,5
908ffe0e.jpg,4
90dbe451.jpg,5
90e7935b.jpg,1
90e79bb2.jpg,4
90e94b3f.jpg,0
91350b68.jpg,5
916a9a17.jpg,0
918ec4bb.jpg,4
91a35856.jpg,6
91ab247c.jpg,1
91beee08.jpg,6
91ced2e3.jpg,4
91cf28d2.jpg,0
91daa46b.jpg,0
91f1bd32.jpg,0
91fe725a.jpg,1
921cf49c.jpg,0
92394ba7.jpg,1
92449af2.jpg,1
92596750.jpg,4
926e1e2d.jpg,1
9280ed0f.jpg,4
92948753.jpg,0
9295e3e7.jpg,4
929cb03a.jpg,0
92b5d625.jpg,0
92d3c80c.jpg,6
92eec977.jpg,1
92fc9780.jpg,0
93293a2b.jpg,0
933bc824.jpg,4
93439e9a.jpg,0
936390b3.jpg,4
939ecd2b.jpg,1
93ae65ba.jpg,6
93b599b0.jpg,6
93de02e3.jpg,0
93f39d50.jpg,6
9415c2ff.jpg,5
941fc311.jpg,0
9449ac9b.jpg,4
9453baeb.jpg,4
9457e3ce.jpg,4
945cb26d.jpg,4
94682107.jpg,5
948b40a1.jpg,1
94c90b85.jpg,6
94d84475.jpg,6
94df1418.jpg,1
94e27ac5.jpg,0
94f02f6b.jpg,0
94f03564.jpg,4
94f271cd.jpg,4
94f30517.jpg,0
951df003.jpg,4
9531ffcd.jpg,4
954ccbde.jpg,5
95545e46.jpg,0
957cb8cb.jpg,1
95c53d18.jpg,0
963b0aca.jpg,0
9680d55b.jpg,0
9689e1dd.jpg,0
969de6a5.jpg,4
96ab19f0.jpg,6
96c78557.jpg,1
96c7c959.jpg,5
96d7ef92.jpg,6
96d8da0c.jpg,6
96ec1186.jpg,4
96ed987e.jpg,4
96f1de2e.jpg,6
9723dd4c.jpg,1
97512ad8.jpg,1
9777a66d.jpg,0
9788f7f1.jpg,5
97aaa283.jpg,4
97b5e716.jpg,4
97c3e196.jpg,1
97cc20c1.jpg,6
97d4a699.jpg,5
97daec48.jpg,0
97dc5d7b.jpg,6
980af0b1.jpg,4
9818885b.jpg,1
982c609c.jpg,4
982d3ba9.jpg,0
98419dc9.jpg,1
9846cab3.jpg,5
986b2927.jpg,0
98a2e843.jpg,4
98b8cdb3.jpg,6
98c47d3a.jpg,4
98db4809.jpg,5
98ded8f4.jpg,0
98fc6316.jpg,1
98ff8675.jpg,4
990f8a58.jpg,0
991247ea.jpg,4
991e730d.jpg,5
99203a86.jpg,1
99438788.jpg,0
99712b67.jpg,0
9971c7e9.jpg,1
997e3ac8.jpg,0
997e8986.jpg,1
998b3ac3.jpg,4
99a18c6d.jpg,6
99b5dbed.jpg,6
99b6f553.jpg,0
99b883b8.jpg,5
99c4b9c3.jpg,0
99c83615.jpg,6
99d528d1.jpg,0
99da4fe2.jpg,1
99f33814.jpg,4
9a2b4e4d.jpg,4
9a2b9962.jpg,6
9a306cb9.jpg,6
9a34d01a.jpg,6
9a38c915.jpg,6
9a42b79c.jpg,1
9a48ef07.jpg,6
9a4f72a1.jpg,5
9a5bf800.jpg,6
9a6e544d.jpg,5
9a950eef.jpg,5
9aad6489.jpg,5
9ab62c8a.jpg,0
9ab71236.jpg,4
9ac95842.jpg,5
9ace1408.jpg,6
9ad505ee.jpg,4
9ad801b3.jpg,6
9ad96311.jpg,1
9adf9fcf.jpg,6
9afe89ff.jpg,0
9b1b37b0.jpg,5
9b1c934e.jpg,0
9b3ceb47.jpg,1
9b499033.jpg,4
9b5d966a.jpg,4
9b65f090.jpg,5
9b86d684.jpg,5
9baa6b9e.jpg,4
9bb2e5ae.jpg,4
9bb302f4.jpg,6
9bbe01f6.jpg,1
9bd0fd2d.jpg,0
9be2b71a.jpg,5
9bf6c561.jpg,0
9c243d35.jpg,0
9c272175.jpg,0
9c586204.jpg,0
9c82c3e7.jpg,4
9c8cc1a4.jpg,0
9cb2acfa.jpg,0
9cbf8c4f.jpg,5
9cccdb95.jpg,4
9ce473f6.jpg,1
9ce7dc86.jpg,1
9cf4f47e.jpg,4
9d0bb513.jpg,4
9d18087a.jpg,1
9d1f9f26.jpg,0
9d2503a7.jpg,5
9d4044bc.jpg,5
9d4c28c1.jpg,0
9d6164f3.jpg,4
9d72f6af.jpg,6
9d8f263c.jpg,0
9db370ea.jpg,6
9db8ceaa.jpg,1
9dbab7f8.jpg,6
9dff5472.jpg,5
9e1428c6.jpg,4
9e3aa02e.jpg,6
9e6760a7.jpg,4
9e8481d7.jpg,1
9e8c2269.jpg,4
9e9e9a52.jpg,0
9ea2ad45.jpg,6
9ec9a1bd.jpg,6
9ecfc089.jpg,6
9edd6869.jpg,5
9ee013ff.jpg,4
9f0c0507.jpg,1
9f26699b.jpg,6
9f74f6b0.jpg,0
9f774874.jpg,5
9f972770.jpg,0
9fa1453a.jpg,0
9fa6ba3e.jpg,4
9fb411e3.jpg,0
9fe605dd.jpg,4
9fed73e2.jpg,4
9fed819e.jpg,6
9ff25362.jpg,0
9ffdaae9.jpg,0
a0221916.jpg,4
a0477f13.jpg,0
a07086bb.jpg,0
a0710b87.jpg,1
a0a9cd4b.jpg,0
a0d110be.jpg,0
a1039368.jpg,5
a10c96de.jpg,0
a1123c41.jpg,4
a11841bf.jpg,0
a11ea2e1.jpg,0
a1378f0e.jpg,5
a14b08c3.jpg,0
a161eb69.jpg,4
a1686bb4.jpg,5
a18c3db6.jpg,0
a1953cd4.jpg,0
a1ab253a.jpg,5
a1b076ae.jpg,5
a1d5af8f.jpg,4
a1d95d9c.jpg,4
a1f42e1b.jpg,4
a22c0fc4.jpg,0
a231f00f.jpg,0
a24a706f.jpg,5
a258307d.jpg,4
a2647f27.jpg,5
a264bbc0.jpg,5
a26dbb2d.jpg,4
a2d8a38d.jpg,4
a2d92d68.jpg,0
a3150fe3.jpg,1
a32a635d.jpg,4
a34fb18e.jpg,0
a356b523.jpg,4
a368f24d.jpg,1
a3814e06.jpg,5
a39226fd.jpg,0
a3a63e1d.jpg,4
a3c83bc4.jpg,4
a3d5331c.jpg,0
a409331a.jpg,4
a40a0a1c.jpg,0
a424efda.jpg,0
a4593983.jpg,0
a459b6b6.jpg,1
a490f054.jpg,4
a4c159bd.jpg,5
a4cad9d6.jpg,0
a4d58259.jpg,4
a4eb98b7.jpg,1
a5292a29.jpg,1
a5414d9c.jpg,1
a576f644.jpg,4
a592731d.jpg,0
a59c0bea.jpg,5
a59f8e66.jpg,5
a5b625f0.jpg,4
a5d7f26b.jpg,1
a5d9be6c.jpg,1
a5ec8962.jpg,1
a602a7e4.jpg,0
a608a79c.jpg,5
a631a0b2.jpg,0
a63cbdd6.jpg,0
a63f9f5f.jpg,5
a6441943.jpg,1
a657970d.jpg,4
a65f92cb.jpg,0
a66e2391.jpg,5
a67708c4.jpg,0
a6c0ff93.jpg,0
a6c5c3db.jpg,0
a6d5f8df.jpg,4
a6f17376.jpg,1
a7047900.jpg,1
a71c2410.jpg,1
a724c2ee.jpg,5
a75bb6ec.jpg,4
a77fc853.jpg,5
a7836543.jpg,0
a7c9a3e7.jpg,0
a830b3e2.jpg,5
a8475ff9.jpg,0
a864bc31.jpg,4
a87d17a0.jpg,3
a887ecd9.jpg,1
a899c691.jpg,5
a8f6ef42.jpg,4
a91705c9.jpg,4
a92e49ac.jpg,4
a984c7f2.jpg,1
a9bd534b.jpg,0
a9f0b6c0.jpg,0
a9ff6b3a.jpg,0
aa07a1ca.jpg,1
aa27785d.jpg,1
aa4ca230.jpg,5
aa72e059.jpg,4
aade6e9a.jpg,1
aaf28e25.jpg,0
ab04ccee.jpg,5
ab411194.jpg,4
ab6947de.jpg,5
ab82a11f.jpg,0
ab9c7559.jpg,4
ab9eea78.jpg,4
abad24e3.jpg,5
abd13f72.jpg,5
abf3869c.jpg,4
abfa59b4.jpg,4
ac46dfcf.jpg,0
ac5cc27d.jpg,4
ac6fd594.jpg,0
acda5e07.jpg,0
acefa94b.jpg,4
acfe0f76.jpg,1
ad43355f.jpg,0
ad50743c.jpg,5
ad7bafc0.jpg,0
ad80e797.jpg,5
ad927a34.jpg,4
ada142a5.jpg,0
ada48609.jpg,5
adb278fd.jpg,4
adbde4d5.jpg,5
adbf2360.jpg,4
addc6b21.jpg,4
ade0bad7.jpg,1
ae048f49.jpg,0
ae07ee8e.jpg,4
ae110f1e.jpg,0
ae1ff87c.jpg,1
ae296141.jpg,0
ae2af039.jpg,1
ae439a37.jpg,0
ae569224.jpg,0
ae744bfe.jpg,5
ae919e84.jpg,4
ae99f6ae.jpg,5
ae9e6ff5.jpg,0
aea2d12c.jpg,1
aea4649b.jpg,0
aee6a6d8.jpg,4
aee7b1d3.jpg,1
af02525e.jpg,5
af062bbf.jpg,4
af1c2fc6.jpg,4
af461149.jpg,4
af58b74f.jpg,4
af6311f9.jpg,4
af86c603.jpg,0
b034ef6e.jpg,0
b086f3c5.jpg,0
b0b13cc0.jpg,0
b0b15ac0.jpg,4
b0ee9719.jpg,0
b1347baa.jpg,5
b134de41.jpg,6
b151b9e4.jpg,1
b153930c.jpg,4
b153d613.jpg,0
b15d41fb.jpg,1
b168a46d.jpg,0
b16e9145.jpg,0
b173be0b.jpg,0
b18e1c31.jpg,4
b1972e97.jpg,4
b1a433df.jpg,1
b1bf4da2.jpg,5
b1e7fdb7.jpg,1
b1ef2935.jpg,0
b1f20cb6.jpg,0
b21207f2.jpg,4
b213784b.jpg,0
b2187315.jpg,1
b2390940.jpg,5
b25e70cd.jpg,4
b270e95d.jpg,0
b29d29bd.jpg,0
b2af431c.jpg,4
b2cbc103.jpg,4
b3342df9.jpg,5
b39df44e.jpg,0
b3af2a19.jpg,1
b3c1d33c.jpg,4
b3c3ac94.jpg,0
b40e03c7.jpg,4
b40e357b.jpg,1
b40f153b.jpg,4
b42c19fa.jpg,0
b453343e.jpg,0
b4541219.jpg,0
b45646a1.jpg,0
b45ef7f1.jpg,0
b4754563.jpg,4
b4af643c.jpg,1
b4c1a713.jpg,5
b4eb633e.jpg,5
b4ed8644.jpg,0
b4f8da11.jpg,1
b4fa0080.jpg,0
b50192d8.jpg,0
b5050abd.jpg,0
b5330e38.jpg,5
b533492a.jpg,0
b547619f.jpg,3
b5726710.jpg,0
b58721fa.jpg,4
b59f24ca.jpg,1
b5bc55b9.jpg,1
b604236a.jpg,0
b6426075.jpg,4
b659f497.jpg,5
b692bea9.jpg,0
b6af76ee.jpg,0
b6dedab9.jpg,0
b6e6e4cc.jpg,0
b6f3826a.jpg,6
b6f7333e.jpg,0
b70606cc.jpg,1
b746b869.jpg,5
b74bec11.jpg,1
b7558f76.jpg,0
b75d8a61.jpg,1
b76d340f.jpg,0
b7b3e128.jpg,1
b7c63f05.jpg,0
b7ed12df.jpg,5
b80fda22.jpg,0
b81068c4.jpg,4
b81c3a1f.jpg,0
b8237bff.jpg,4
b874d1db.jpg,0
b892c77c.jpg,0
b8937fb1.jpg,5
b8b7a4c9.jpg,1
b8cfb789.jpg,0
b8dacfb5.jpg,1
b8f2e60a.jpg,0
b928a956.jpg,1
b928c400.jpg,0
b9346f0d.jpg,4
b94f318b.jpg,4
b980e6b9.jpg,1
b9acaf4a.jpg,0
b9ee1fe6.jpg,0
ba14ecd9.jpg,4
ba2b4b32.jpg,1
ba40b41e.jpg,1
ba4139fc.jpg,4
ba68fe25.jpg,1
baad2fa7.jpg,4
bac00635.jpg,0
badfcd4d.jpg,1
bb4decd5.jpg,4
bb4efee8.jpg,1
bb614e90.jpg,0
bb681912.jpg,0
bb74432f.jpg,1
bb7b97b6.jpg,4
bb814e94.jpg,0
bbb1ab02.jpg,0
bbbd10cf.jpg,0
bbe7d57e.jpg,4
bbeb2679.jpg,4
bc01f0d0.jpg,4
bc32a4c7.jpg,1
bc4d9da5.jpg,1
bc4fa843.jpg,0
bc6868e3.jpg,5
bca3c817.jpg,4
bce8ceb4.jpg,5
bd2129d6.jpg,0
bd2155c0.jpg,5
bd3f5a66.jpg,4
bd5b4d02.jpg,4
bd86b110.jpg,4
bd94210b.jpg,1
bdadff57.jpg,4
bdba3b4c.jpg,4
bdbc1f30.jpg,5
bdbdef1b.jpg,0
bde71e47.jpg,5
bded24b5.jpg,4
bdf3e582.jpg,1
be1312a8.jpg,0
be14cf15.jpg,4
be5f6df1.jpg,1
be82fb79.jpg,4
be9176c0.jpg,5
be9e08ec.jpg,0
beb9baf9.jpg,5
bebbd18f.jpg,0
bef7ad94.jpg,4
bf6c7662.jpg,4
bf6ee1f9.jpg,0
bfa13d4d.jpg,0
bfdb6e49.jpg,0
bfea765b.jpg,4
c0069773.jpg,1
c033676e.jpg,1
c09a36a9.jpg,0
c0afc44d.jpg,0
c0ba13bd.jpg,1
c0ebe33f.jpg,0
c0f53d43.jpg,5
c0fdb2a7.jpg,0
c10f160f.jpg,5
c166de7b.jpg,4
c174d292.jpg,5
c1a2fbb7.jpg,5
c2022776.jpg,1
c237c004.jpg,1
c2477405.jpg,4
c289033a.jpg,1
c28e56ab.jpg,4
c2af02a5.jpg,1
c2b4ff6a.jpg,4
c2cb1f9c.jpg,1
c303c104.jpg,4
c31431b0.jpg,0
c35e811b.jpg,5
c36fe6f7.jpg,0
c37a78ec.jpg,5
c390c4ed.jpg,1
c3b6b494.jpg,4
c3dfb8f8.jpg,0
c3e31444.jpg,5
c424fc04.jpg,4
c449b075.jpg,0
c44e5634.jpg,0
c4510b3f.jpg,1
c458f76a.jpg,0
c46c85e8.jpg,0
c487ab54.jpg,1
c48922aa.jpg,0
c48e04b6.jpg,0
c49d6507.jpg,4
c4bb0afa.jpg,0
c4e65a9e.jpg,0
c4fd253a.jpg,4
c504e241.jpg,0
c51a180a.jpg,0
c51edd6f.jpg,0
c528f425.jpg,0
c5460b73.jpg,0
c563ed2b.jpg,1
c56939e7.jpg,4
c5aa71f8.jpg,1
c5ad9682.jpg,5
c5aded52.jpg,4
c5bc270e.jpg,4
c5ef3c2a.jpg,5
c63f0ee6.jpg,0
c648763e.jpg,4
c6487c2a.jpg,5
c6554542.jpg,5
c6930988.jpg,1
c693d890.jpg,1
c6a46f3a.jpg,4
c6aa26b9.jpg,1
c6e87717.jpg,4
c6f9f412.jpg,1
c74728f5.jpg,5
c75f4e8d.jpg,1
c778b3f3.jpg,0
c783288f.jpg,0
c78b6b97.jpg,5
c7925950.jpg,5
c7d827ff.jpg,0
c8215711.jpg,4
c835143c.jpg,0
c855f9f5.jpg,0
c8705312.jpg,4
c889a385.jpg,1
c8982ab7.jpg,4
c8a148e0.jpg,0
c8af3840.jpg,5
c8b0d4cf.jpg,5
c8fc8599.jpg,5
c9137785.jpg,5
c91fe618.jpg,0
c924e3b7.jpg,5
c9573e23.jpg,4
c958239a.jpg,4
c959e4cc.jpg,1
c9711b5c.jpg,0
c973c574.jpg,0
c98eeb29.jpg,5
c9e8f571.jpg,5
c9eff0a8.jpg,0
c9faac68.jpg,1
c9fc82be.jpg,0
ca33c887.jpg,0
ca4f59d0.jpg,5
ca60fc4b.jpg,4
ca79a445.jpg,5
ca86257c.jpg,5
ca9c94b0.jpg,1
caa77b7c.jpg,4
caaa956c.jpg,1
cabdf756.jpg,5
cae9d087.jpg,5
cafd6da8.jpg,0
caff212d.jpg,4
cb050e64.jpg,1
cb081a45.jpg,0
cb44d18e.jpg,5
cb4e9a6d.jpg,4
cb564a83.jpg,4
cb5fa390.jpg,1
cb63cc61.jpg,4
cba95c7a.jpg,0
cbb08792.jpg,4
cbb62f74.jpg,0
cbbbc767.jpg,5
cbc9c904.jpg,5
cbf9564a.jpg,4
cc0ccadc.jpg,0
cc1dc029.jpg,1
cc210ef8.jpg,1
cc29db0c.jpg,0
cc33cfb8.jpg,1
cc6e3f3f.jpg,4
cc7bcab9.jpg,4
cc873096.jpg,0
cce72630.jpg,5
cd0e23fb.jpg,0
cd1fddb1.jpg,4
cd3b78f3.jpg,0
cd3ea846.jpg,0
cd43fc1e.jpg,4
cd68882a.jpg,5
cd68aa70.jpg,5
cd6b1d52.jpg,0
cdb08e7d.jpg,1
cdbb3970.jpg,1
cddda4fe.jpg,5
cddef695.jpg,1
cde50699.jpg,4
ce0a052e.jpg,0
ce147e3c.jpg,4
ce4c68a0.jpg,0
ce6f8f1f.jpg,0
ce71e472.jpg,1
ced550f7.jpg,1
ceef1984.jpg,0
cf05d65a.jpg,1
cf1caa51.jpg,5
cf25e1fd.jpg,5
cf329ee2.jpg,5
cf37030e.jpg,0
cf4396be.jpg,5
cf4caad9.jpg,0
cf56d40f.jpg,4
cf6ee0f3.jpg,2
cf8bf681.jpg,5
cfcef7e4.jpg,0
cfe1cc54.jpg,1
d00a5b3a.jpg,1
d02e88dd.jpg,4
d02ed96f.jpg,4
d0375661.jpg,1
d06a9799.jpg,0
d07909ee.jpg,0
d07e691f.jpg,0
d089925c.jpg,1
d0b95974.jpg,0
d0cc982c.jpg,4
d0d7d711.jpg,1
d0fe3173.jpg,0
d126c539.jpg,5
d14b313c.jpg,4
d192c871.jpg,4
d1a56898.jpg,0
d1ad345b.jpg,0
d1bf0b0d.jpg,5
d1cfb07a.jpg,0
d1dd79d0.jpg,4
d1f23a5e.jpg,5
d1f58870.jpg,4
d217fb9b.jpg,0
d2208636.jpg,0
d2375137.jpg,4
d25d015b.jpg,5
d261564d.jpg,5
d27c377d.jpg,4
d27d3cc9.jpg,4
d287f499.jpg,4
d2a36f90.jpg,0
d2d6adef.jpg,1
d2f8efa4.jpg,5
d30a1dc9.jpg,4
d33a26ab.jpg,0
d33b8853.jpg,1
d34144ef.jpg,4
d359d223.jpg,0
d38bbc86.jpg,0
d392363e.jpg,1
d3b2ebb7.jpg,0
d3b504bc.jpg,0
d3deed30.jpg,1
d3f0d032.jpg,5
d4569839.jpg,0
d47c43cf.jpg,4
d4ad420b.jpg,1
d4b27679.jpg,0
d4c56dd8.jpg,0
d4c5ca23.jpg,4
d4fedadd.jpg,1
d50c9aa6.jpg,5
d547c2bc.jpg,5
d54dca0d.jpg,0
d55c9047.jpg,0
d578502b.jpg,5
d57e56d1.jpg,1
d5854435.jpg,1
d5d09589.jpg,0
d5d57c2e.jpg,5
d621187f.jpg,0
d674f580.jpg,4
d68385dc.jpg,0
d683cd9e.jpg,0
d69203e3.jpg,4
d692d067.jpg,5
d69a6f85.jpg,4
d6da68b4.jpg,4
d71b77a9.jpg,4
d7371091.jpg,1
d73fb395.jpg,4
d7ad1f69.jpg,4
d7c9055e.jpg,5
d7d0df26.jpg,0
d7ecd862.jpg,4
d81c0ae0.jpg,3
d827f2d0.jpg,4
d8bab300.jpg,4
d8bf4d37.jpg,1
d8cb46c7.jpg,4
d8e8d337.jpg,4
d8fa3f03.jpg,1
d90e8ca0.jpg,0
d91c5fbb.jpg,0
d9250e36.jpg,0
d926372b.jpg,4
d93151dd.jpg,0
d93c1432.jpg,5
d957d90a.jpg,0
d965f986.jpg,4
d99c9d1a.jpg,0
d9ab2966.jpg,4
da068b8d.jpg,0
da4c4097.jpg,5
da5a0355.jpg,0
da75c15b.jpg,4
da7fdb74.jpg,0
da846316.jpg,5
da961cbb.jpg,1
daab6c3c.jpg,4
dac89028.jpg,4
dae45413.jpg,1
db201437.jpg,0
db2718e8.jpg,0
db2d682f.jpg,0
db897d6d.jpg,5
dba1978f.jpg,1
dbd425ec.jpg,4
dbeb9fd6.jpg,4
dc091282.jpg,1
dc2c615f.jpg,1
dc31b9ca.jpg,4
dc493208.jpg,0
dc87938a.jpg,4
dca59507.jpg,0
dcac6a22.jpg,5
dcba7e3e.jpg,4
dcbe0c8b.jpg,4
dcdf7e4d.jpg,4
dce5a880.jpg,4
dce91003.jpg,2
dcfa9d9e.jpg,3
dcff49f1.jpg,0
dd1db954.jpg,4
dd288e02.jpg,3
dd4dd6e9.jpg,3
dd4f05a4.jpg,0
dd724beb.jpg,0
dd8e02de.jpg,3
dd8fd77f.jpg,3
dd9ba793.jpg,3
dd9da058.jpg,1
ddac8c96.jpg,0
ddbd2a57.jpg,0
ddc19441.jpg,3
ddd15298.jpg,3
ddf52f19.jpg,0
ddf531e5.jpg,2
ddfe8be3.jpg,4
de05cbb0.jpg,4
de081797.jpg,2
de11ca4c.jpg,2
de191878.jpg,5
de4f351a.jpg,2
de6e296f.jpg,2
de7580b0.jpg,2
de9a8799.jpg,2
dea5d49d.jpg,2
deadcfce.jpg,0
deb05e43.jpg,3
dec510f2.jpg,3
decee42d.jpg,3
ded9c6f7.jpg,5
dee8c2e2.jpg,3
df229172.jpg,0
df61c100.jpg,5
df6a9019.jpg,2
df6b7c21.jpg,3
df707f9e.jpg,3
df81c6fe.jpg,0
df830782.jpg,1
df88a2aa.jpg,0
df8f7ab8.jpg,4
df929221.jpg,2
dfa69d9b.jpg,5
dfd33284.jpg,5
e01f3ca8.jpg,4
e020be91.jpg,0
e04a486d.jpg,3
e05eed11.jpg,2
e0695664.jpg,3
e096f98c.jpg,4
e0a1e61c.jpg,1
e0ab4dfd.jpg,0
e0ac3a77.jpg,0
e0c03968.jpg,2
e0d292f0.jpg,0
e0ea7a3e.jpg,3
e12db6be.jpg,0
e15d1fa0.jpg,3
e1693238.jpg,3
e1695a1f.jpg,2
e17cac97.jpg,2
e18398af.jpg,1
e186f465.jpg,2
e18ac6a9.jpg,2
e198d39e.jpg,5
e1b36360.jpg,2
e1b5dc79.jpg,3
e1ef3fb6.jpg,2
e21cd850.jpg,0
e21ce437.jpg,3
e2382a17.jpg,3
e246dc2f.jpg,0
e29a4cf0.jpg,5
e2b372fd.jpg,5
e2c5d65f.jpg,4
e2d47456.jpg,4
e2e1d1fc.jpg,1
e2eab9df.jpg,4
e2ef1127.jpg,5
e2fa897c.jpg,2
e2fc22f1.jpg,1
e3145618.jpg,5
e33b3eed.jpg,0
e344c72a.jpg,4
e354df3e.jpg,1
e38c4914.jpg,4
e3baa12e.jpg,4
e3c3b120.jpg,5
e3ca177d.jpg,1
e3d0e8bc.jpg,2
e3dc5657.jpg,0
e3f033df.jpg,5
e4068a9a.jpg,0
e41127aa.jpg,1
e42df816.jpg,5
e448f60c.jpg,1
e44ccacf.jpg,2
e452fdd0.jpg,4
e456b20d.jpg,1
e45be677.jpg,1
e46c83b3.jpg,4
e47160c3.jpg,2
e4722967.jpg,3
e476f72c.jpg,3
e478c096.jpg,4
e4bfa6e9.jpg,4
e4cb9052.jpg,1
e4d0e4b4.jpg,4
e5005835.jpg,5
e50f428d.jpg,5
e5126ff9.jpg,3
e5210968.jpg,2
e5389482.jpg,1
e53c049a.jpg,5
e54caba5.jpg,5
e55604db.jpg,3
e55b1774.jpg,1
e5881a9c.jpg,1
e589db02.jpg,0
e58e0df5.jpg,0
e594be04.jpg,0
e5a9498d.jpg,5
e5b4731b.jpg,5
e5bb0eff.jpg,1
e5db669a.jpg,1
e5dc9910.jpg,3
e5ef49a5.jpg,0
e604f12d.jpg,4
e608454f.jpg,3
e6207b5b.jpg,0
e6488b6f.jpg,2
e655ee92.jpg,4
e663e1a4.jpg,4
e67290ca.jpg,2
e6883ead.jpg,1
e6aaec39.jpg,3
e6ad2db9.jpg,0
e6c89bbc.jpg,2
e6c8cea5.jpg,0
e6cc3384.jpg,3
e6eff2d7.jpg,3
e6fd56e6.jpg,5
e70a3f64.jpg,4
e70addeb.jpg,0
e722d2fc.jpg,4
e722f98c.jpg,2
e7327e9f.jpg,2
e736cbf6.jpg,4
e74a15eb.jpg,1
e74e9be0.jpg,4
e752ffd6.jpg,0
e76ea8cc.jpg,5
e77a54f1.jpg,0
e77ea94d.jpg,4
e78807aa.jpg,3
e79fac2a.jpg,1
e7aba0bb.jpg,4
e7c9fc28.jpg,5
e7d2b0fe.jpg,2
e7d3ed8c.jpg,2
e80a09e2.jpg,2
e80a88a5.jpg,3
e83304ad.jpg,0
e838bd07.jpg,0
e85b42d7.jpg,0
e85dd8b6.jpg,2
e85efd0d.jpg,1
e872f663.jpg,0
e8887c89.jpg,0
e895be95.jpg,2
e89f501a.jpg,0
e8a3c9d9.jpg,5
e8a5da62.jpg,4
e8a7c2f9.jpg,0
e8b7307c.jpg,1
e8d1a6d0.jpg,1
e8e154fb.jpg,5
e8e1bbb5.jpg,5
e8e5216c.jpg,3
e903b362.jpg,0
e91877e7.jpg,3
e9368db9.jpg,3
e9420b2a.jpg,0
e9424706.jpg,3
e955064c.jpg,2
e9589d92.jpg,5
e96cf5d6.jpg,2
e9790a36.jpg,2
e97bf3f2.jpg,1
e9912241.jpg,0
e996a07d.jpg,4
e9a098b4.jpg,2
e9ad7a7f.jpg,5
e9c9381b.jpg,2
e9d95859.jpg,0
e9dee5b1.jpg,4
e9f6cf98.jpg,4
ea381246.jpg,0
ea41b6cb.jpg,0
ea5560b2.jpg,3
ea6601e7.jpg,2
ea7555d7.jpg,2
ea7c3ff3.jpg,1
ea8dbb11.jpg,0
ea9b5992.jpg,3
eaa7e080.jpg,1
eab406c4.jpg,0
eabb270d.jpg,2
eac5a036.jpg,0
ead87b67.jpg,0
eaec3261.jpg,2
eaee6ca1.jpg,2
eaf3d705.jpg,3
eb0c8518.jpg,0
eb0dda91.jpg,0
eb117f38.jpg,4
eb24f0e8.jpg,5
eb4afb18.jpg,0
eb50cce0.jpg,2
eb678d88.jpg,4
eb71e089.jpg,3
eb8097e3.jpg,3
eb88fe56.jpg,1
eb8f17e2.jpg,3
eb8f36f2.jpg,0
eb966cf8.jpg,0
eba16e01.jpg,0
ebba69da.jpg,2
ebbe217e.jpg,0
ebd58ad3.jpg,2
ebe87f35.jpg,3
ec473405.jpg,3
eca6429a.jpg,4
eca873ca.jpg,5
ecad8e6c.jpg,0
ecb2d491.jpg,0
ecb9ba78.jpg,4
eccadbfc.jpg,0
ece4faa9.jpg,0
ece81733.jpg,5
ed12a484.jpg,1
ed18aa2a.jpg,2
ed253743.jpg,0
ed261a75.jpg,0
ed4c576a.jpg,3
ed5d0b60.jpg,4
ed6596ad.jpg,0
ed7de39b.jpg,5
ed7f81f9.jpg,5
edbe709e.jpg,0
edde3a87.jpg,0
edf6b8ed.jpg,4
edf7918e.jpg,5
edfffe47.jpg,0
ee06d4cf.jpg,3
ee202a00.jpg,5
ee29cdf7.jpg,4
ee4cd520.jpg,0
ee6d4bc3.jpg,1
ee825a3e.jpg,4
ee88cc11.jpg,0
eea53d23.jpg,2
eea85a8c.jpg,0
eec3ecfd.jpg,2
eec9efde.jpg,0
eee56eb9.jpg,2
eef1b768.jpg,5
eefe992b.jpg,0
ef04dbfb.jpg,1
ef0bcf51.jpg,3
ef25a8f2.jpg,1
ef7e42dd.jpg,4
ef83e618.jpg,0
ef8693ab.jpg,1
ef8fea0b.jpg,3
efaaced0.jpg,2
f006c5c7.jpg,4
f00f2b3e.jpg,3
f012f9be.jpg,0
f022e45e.jpg,0
f030801d.jpg,5
f032ec10.jpg,0
f038910b.jpg,0
f03abcc4.jpg,3
f03b78a7.jpg,0
f055c0a3.jpg,2
f062b465.jpg,1
f0673dde.jpg,3
f076ee56.jpg,4
f08308fe.jpg,1
f0b680c4.jpg,4
f0d102e0.jpg,1
f0d4ca91.jpg,2
f0dc7a18.jpg,2
f105baa3.jpg,2
f108e44c.jpg,4
f1131c96.jpg,5
f12b5b3e.jpg,4
f12fb318.jpg,4
f143ab72.jpg,3
f14d5e50.jpg,4
f1518c78.jpg,4
f17d335a.jpg,5
f17dacb2.jpg,4
f18fdb20.jpg,0
f1c399f4.jpg,5
f1d192f1.jpg,5
f1d9968d.jpg,4
f1dadf78.jpg,2
f1dc0cca.jpg,3
f21567d9.jpg,5
f21cc268.jpg,4
f2270abf.jpg,0
f22db1f3.jpg,5
f247e7af.jpg,4
f26ffcf4.jpg,0
f2973367.jpg,5
f2a67127.jpg,1
f2acfaaa.jpg,0
f2bf9889.jpg,1
f2c37fc5.jpg,0
f2dafb59.jpg,4
f2ec8bcd.jpg,2
f2fc0d11.jpg,0
f2fc7998.jpg,4
f31d4043.jpg,4
f3359ec2.jpg,0
f34006b5.jpg,5
f357feff.jpg,5
f3607589.jpg,3
f361e16b.jpg,5
f36f11a8.jpg,2
f3792a36.jpg,2
f39e45cf.jpg,4
f3d5ed93.jpg,3
f3d8f403.jpg,0
f3de10ee.jpg,0
f3ec9b5d.jpg,4
f3f4e9b1.jpg,3
f4177e19.jpg,1
f4288d1c.jpg,4
f42e057e.jpg,0
f447aac5.jpg,0
f44f5162.jpg,4
f46b1f81.jpg,0
f46e874f.jpg,4
f47107e1.jpg,2
f477dc86.jpg,3
f4942230.jpg,1
f4bb67e4.jpg,4
f4c2d229.jpg,4
f4c5cedf.jpg,1
f4c886a6.jpg,4
f4da6b21.jpg,4
f50d57dc.jpg,2
f5123591.jpg,5
f51725a2.jpg,4
f523ddb6.jpg,0
f5285997.jpg,0
f52a2466.jpg,2
f53d6a8d.jpg,0
f53d7e8f.jpg,2
f541d57f.jpg,0
f55c6937.jpg,5
f55eecef.jpg,0
f564f89f.jpg,2
f570790b.jpg,2
f590a999.jpg,4
f598fa67.jpg,4
f5b27fd8.jpg,4
f5ce31a7.jpg,0
f5d9be0f.jpg,0
f5efe8cf.jpg,0
f5fe96e1.jpg,1
f5fee093.jpg,4
f601b3b9.jpg,5
f60a911c.jpg,0
f60f61be.jpg,5
f6111db6.jpg,1
f61feaeb.jpg,5
f63e0bb2.jpg,2
f64a9361.jpg,4
f65dcf0d.jpg,1
f66b05ab.jpg,1
f686dd12.jpg,1
f6872832.jpg,3
f6920500.jpg,2
f69adb1f.jpg,1
f6a0bd18.jpg,3
f6c4128a.jpg,2
f6c6959a.jpg,3
f6f11331.jpg,2
f727d653.jpg,0
f74d705a.jpg,4
f7756a80.jpg,1
f77b5058.jpg,4
f793f4d6.jpg,0
f7942bc4.jpg,5
f7b7d89b.jpg,0
f7d37911.jpg,0
f7de5553.jpg,2
f7df2ec2.jpg,1
f7e5ac6c.jpg,4
f805030e.jpg,3
f81372c3.jpg,5
f82de603.jpg,0
f82f7b8d.jpg,4
f83f5567.jpg,1
f8550b52.jpg,0
f858ed01.jpg,1
f85b9e0c.jpg,4
f85fc743.jpg,5
f861c47c.jpg,0
f88bc4cb.jpg,0
f88c37bd.jpg,0
f8c4037e.jpg,1
f8d76cce.jpg,0
f8e8a1fa.jpg,5
f8ea8a92.jpg,3
f8f4d9ca.jpg,0
f904486b.jpg,4
f91a6ea5.jpg,0
f91fa77f.jpg,0
f92bce29.jpg,4
f9371727.jpg,3
f94ca697.jpg,3
f95f54fa.jpg,1
f967d2b7.jpg,1
f99d7890.jpg,5
f99e1624.jpg,1
f9a4b24e.jpg,4
f9abbad0.jpg,3
f9e48a6b.jpg,0
f9e6d735.jpg,1
f9f53674.jpg,2
fa0b30d3.jpg,1
fa17d1c0.jpg,5
fa17fe31.jpg,2
fa281502.jpg,4
fa34bdeb.jpg,1
fa3b1459.jpg,2
fa554ddc.jpg,4
fa758281.jpg,5
fab4796d.jpg,4
fab550a0.jpg,3
fac62485.jpg,4
fac95e6b.jpg,3
fae61749.jpg,3
faee43f2.jpg,1
faf4a741.jpg,2
fafedf13.jpg,3
fb028c74.jpg,3
fb03077b.jpg,0
fb0866ab.jpg,3
fb0c4cfa.jpg,2
fb193a2a.jpg,4
fb34a4b7.jpg,0
fb34fa95.jpg,3
fb4612bc.jpg,4
fb56e03f.jpg,1
fb7935c8.jpg,1
fb977271.jpg,0
fbabd0eb.jpg,0
fbb494d5.jpg,4
fbba6114.jpg,3
fbe06f48.jpg,1
fbef64a7.jpg,0
fbf00fbf.jpg,3
fc002746.jpg,0
fc1bf374.jpg,5
fc287ac8.jpg,6
fc2974c7.jpg,0
fc36dc65.jpg,2
fc39d6ac.jpg,3
fc3ae997.jpg,2
fc40c11c.jpg,5
fc439c86.jpg,0
fc574072.jpg,5
fc5fc3ae.jpg,0
fc647b35.jpg,3
fc6a84a4.jpg,2
fc71ce1b.jpg,4
fc77415e.jpg,0
fc81defc.jpg,4
fc857647.jpg,4
fca10834.jpg,4
fcc24f32.jpg,3
fcc484b5.jpg,5
fccae1b0.jpg,0
fcd7ddcb.jpg,0
fcda2e82.jpg,2
fce05de7.jpg,3
fceb5515.jpg,0
fcfdb809.jpg,1
fd0b8648.jpg,2
fd155236.jpg,4
fd19a5ca.jpg,3
fd3a6c72.jpg,5
fd563159.jpg,3
fd75950c.jpg,4
fd88618d.jpg,0
fda2110f.jpg,2
fdb9a7ba.jpg,4
fdb9f09c.jpg,2
fdd760ed.jpg,0
fdf81c37.jpg,0
fe0177fa.jpg,0
fe054156.jpg,3
fe1b6af0.jpg,4
fe20c2dc.jpg,5
fe3b72c1.jpg,1
fe525c55.jpg,5
fe53fcfb.jpg,0
fe5461ac.jpg,0
fe6dd037.jpg,0
fe7a07df.jpg,3
fe7ba36c.jpg,4
fe7fd87d.jpg,0
fe81e471.jpg,5
fe8419a6.jpg,4
fe880062.jpg,0
fe8bc1fa.jpg,5
fe8bf043.jpg,2
fe8e6266.jpg,3
fe910461.jpg,1
fe9ebcd5.jpg,0
fea041bc.jpg,0
feafab0f.jpg,0
fec75e2d.jpg,3
fee2b532.jpg,0
feea2a7c.jpg,2
fefae3d0.jpg,5
ff03747e.jpg,1
ff267be0.jpg,1
ff66e48f.jpg,2
ff66e9e5.jpg,3
ff719fc8.jpg,3
ff91fa39.jpg,5
ff9810d2.jpg,0
ff987b5b.jpg,4
ffe37585.jpg,2
ffe3889b.jpg,0
ffec0ee2.jpg,1
ffecec0d.jpg,5
ffefd844.jpg,0
fffd487f.jpg,3
